Subject no.,participantID,"Condition
1= SMILE 0 = POUT","Task performed correctly? 
 1 = YES   0 = NO",,,,,Ratings,,,,,,Self-reported task performance," Comprehension of cartoons
1 = YES   0 = NO","Was the participant aware of the goal?
1= YES  0 = NO",Transcribe the written answer of each participant's guess  of the study's goal.,Age,"Gender
1 = Male   0 = Female","Student
1 = YES   0 = NO",Occupation / Field of study
,,,Cartoon1,Cartoon2,Cartoon3,Cartoon4,Total,Task1,Task2,Cartoon1,Cartoon2,Cartoon3,Cartoon4,,,,,,,,
1,1,1,1,1,1,1,4,9,8,0,1,0,5,7,1,0,"Penso che lo scopo dell'esperimento sia di cercare di mettere in pratica ciò che si pensa. Anche se l'esercizio non era semplice, bisogna raggiungere l'obiettivo.",33,0,1,infermieristica
2,2,1,1,1,1,1,4,3,4,0,0,0,0,7,1,0,"Se si concentra proprio sugli esercizi dati oppure solamente di tenere la penna in bocca senza toccare le labbra. E si vede questo se si dà le risposte giuste che sono esercizi facili. Inoltre se si fa cose di cui non è abituato (come in questo esperimento), se si cambia che parte del cervello che si usa perchè si concentra non sugli esercizi ma su una azione di cui non si userebbe.",25,0,0,linguistico
3,3,0,1,1,1,1,4,4,7,1,2,1,4,8,1,0,La capacità di svolgere azioni mentre si è sottoposti a una forma di distrazione non comune all'azione. Lo scopo è quello di vedere l'adattabilità dell'uso della bocca o della testa al controllo di un joistik per il controllo di un macchinario che potrebbe essere una sedia elettrica come un computer per comunicare movimenti suoni o parole esterne.,32,1,0,
4,4,0,1,1,1,1,4,3,4,6,7,9,7,8,1,0,Valutare in soggetti senza disabilità degli arti o motorie la risposta all'utilizzo della bocca come mezzo di comunicazione.,25,0,1,biologia
5,5,1,1,1,1,1,4,6,7,0,2,1,0,2,1,0,"Lo scopo dell'esperimento è vedere come ci si comporta a livello psicomotorio nel caso in cui si debbano compiere azione che normalmente svolgiamo in un certo modo, utilizzando metodi totalmente differenti a cui non siamo abituati.",30,1,1,servizio sociale
6,6,1,1,1,1,1,4,6,4,3,6,2,9,2,1,0,"La resistenza ""fisica"" con una parte del corpo che non è abituata a questa funzione.",22,0,1,servizio sociale
7,7,0,0,0,0,0,0,6,7,6,8,7,9,9,1,0,Determinare altri modi per eseguire movimenti quotidiani.,23,1,0,
8,8,0,1,1,1,1,4,8,4,5,3,6,6,5,1,0,Valutare come i soggetti reagiscono nel dover svolgere compiti normalmente svolti con le mani e per cui è richiesta una concentrazione superiore al normare (dovendo tenere la penna in bocca).,22,0,1,umanistico
9,9,1,1,1,1,1,4,5,2,1,3,3,4,3,0,0,"Penso che lo scopo dell'esperimento sia quello di cercare di dimostrare che usando il movimento dei muscoli del collo, il cui controllo non è così fine come quello dei muscoli della mano e delle dita, siamo costretti ad impegnare regioni più ampie della corteccia usufruendo magari anche di quelle che non sono richieste nello svolgere semplici movimenti ma che magari sono coinvolte in funzioni cognitive superiori (come in questo caso, capire l'umorismo delle vignette).",23,1,1,neuroscienze
10,10,1,1,1,1,1,4,7,6,4,6,5,7,6,1,0,"Lo scopo è di capire la capacità psicomotoria delle persone, per un giorno arrivare a sviluppare devices capaci di aiutare persone con disabilità di vario tipo. Potrebbe servire per comprendere la difficoltà di fare tasks con parti del corpo insolite, che a volte alcune persone, ad esempio senza arti, sono costrette a fare nella vita quotidiana. Se si sviluppano macchinari che rendono più facile un'attività rispetto ad arrangiarsi con una penna in bocca, si possono così aiutare persone con minime o grandi difficoltà.",24,0,1,neuroscienze
11,11,0,1,1,1,1,4,3,6,4,3,5,3,7,1,0,Potrebbe essere la valutazione della disinvoltura nell'eseguire azioni scontate utilizzando una tecnica insolita.,30,0,0,medicina veterinaria
12,12,0,1,1,1,1,4,3,0,0,9,9,9,6,1,0,"Lo scopo dell'esperimento è quello di individuare e distinguere i riflessi psicomotori che il nostro corpo invia come segnale. Per svolgere un compito fisico, il nostro ""cervello"" invia un segnale che viene captato istantaneamente dalla parte del corpo interessata a compiere l'atto fisico, che, nel caso sia scrivere su un foglio, la parte interessata è la mano; qualora noi usassimo al posto della mano per tenere la penna ben fissa e ferma la nostra bocca, otterremmo la stessa risposta sensoriale, con la sola differenza che utilizzeremo uno sforzo fisico maggiore a scrivere con la bocca piuttosto che con la mano, come d'abitudine. In definitiva, possiamo concludere che la risposta sensoriale e gli impulsi nervosi ricevuti sono sempre gli stessi; ciò che cambia è il mezzo fisico con il quale andiamo ad adempiere e pertanto cambia anche lo sforzo fisico.",29,0,1,geofisica
13,13,1,1,1,1,1,4,6,7,2,4,2,1,7,1,0,"Relazionare la capacità di eseguire compiti ""difficili"" con l'uso della bocca con il senso dell'umorismo. Penso che persone più portate alla risata abbiano un maggior controllo in queste tipologie di test.",22,1,1,matematica
14,14,1,0,0,0,0,0,6,2,0,6,5,4,9,1,0,Credo che lo scopo sia trovare un modo semplice ed economico per aiutare coloro con problemi motori (disabili) a compiere azioni di uso quotidiano.,20,1,0,
15,15,0,1,1,1,1,4,3,1,3,6,8,8,9,1,0,"Valutazione della coordinazione psicomotoria durante l'impiego di parti del corpo che di solito non vengono utilizzate per svolgere determinati compiti, soprattutto se occorre focalizzare l'attenzione non solo sull'aspetto motorio di ciò che si sta facendo ma anche su quello cognitivo (tenere la penna in bocca mentre si leggono le vignette per esempio).",25,0,1,neuroscienze
16,16,0,1,1,1,1,4,6,7,3,4,3,3,7,1,0,"Valutare la conservazione degli schemi motori a livello di corteccia motoria, in questo caso della grafica nella scrittura, con le varie parti del corpo, e l'influenza di un comportamento nuovo sulla concentrazione e aspetti cognitivi.",24,1,1,neuroscienze
17,17,1,1,1,1,1,4,5,5,6,5,6,5,9,1,0,Lo scopo dell'esperimento è quello di trovare tecnologie innovative attraverso le quali poter comunicare mediante l'uso della bocca.,23,1,1,ingegneria navale
18,18,1,1,1,1,1,4,6,2,0,2,5,6,8,0,0,"Abilità di fare diversi task contemporaneamente tenendo la penna in bocca (che di per sé richiedere uno sforzo da parte del tester) allo stesso tempo si chiede di fare un compito semplice come tracciare una linea. Poi si richiede di fare compiti più complessi come leggere e capire le vignette: il tutto filmato per vedere, penso, quando facilmente un soggetto sia abile nell'integrare le due cose.",24,0,1,neuroscienze
19,19,0,1,1,1,1,4,5,8,1,3,3,7,4,1,0,"Non siamo abituati ad utilizzare parte del nostro corpo in modo alternativo a come ci hanno istruito, vedi la bocca la quale viene utilizzata per nutrirsi, parlare o cantare ma non per scrivere. Questo dimostra che il nostro livello memorizza il come usare il proprio corpo e trova difficoltà nell'utilizzarla in modo diverso.",29,1,1,neurobiologia
20,20,0,1,1,1,1,4,6,8,7,3,2,6,9,1,0,"Un possibile scopo dell'esperimento potrebbe essere, mediante l'osservazione dei movimenti dei soggetti ed il confronto con la precisione nei segni, la conoscenza della capacità del nostro cervello di sostituire gli ""organi"" o parti del corpo normalmente usati per svolgere un'azione, con altre parti che non sono imputate a quei movimenti a livello della corteccia cerebrale dedicata alla progettazione di un movimento, ossia l'osservazione della plasticità funzionale della corteccia motoria.",22,0,1,scienze per l ambiente e la nautica
21,21,1,1,1,1,1,4,7,3,1,6,3,2,8,1,0,"Lo scopo potrebbe essere quello di verificare le capacità e i metodi di utilizzo da parte delle persone normodotate, di uno strumento quale la penna con una modalità insolita come quella del tenerla con i denti. Attraverso i video oltre a verificare il corretto svolgimento, si va a verificare il metodo di svolgimento del compito e di utilizzo della penna. Probabilmente la parte delle vignette funge da dimostrazione per verificare se le persone effettuano correttamente il compito lo stesso. Tutto ciò allo scopo di progettare strumenti utili per persone con difficoltà o handicap motori che non possono utilizzare le normali modalità di impugnatura della penna.",23,0,1,psicologia
22,22,1,1,1,1,1,4,3,3,2,4,3,3,7,1,0,"Valutazione della coordinazione motoria di alcune parti del corpo che normalmente non si usano per eseguire determinati compiti, dai più semplici (unite i 2 punti) ai più complessi (valutare le vignette). Correlazione tra l'aspetto cognitivo (individuo quali sono le vocali nell'esercizio proposto) e quello motorio (uso una parte ""insolita"" del mio corpo - i denti - per eseguire il compito).",24,0,1,neuroscienze
23,23,0,1,1,1,1,4,5,3,4,6,8,3,5,1,0,Studiare come le capacità motorie si siano diversificate usando differenti parti del nostro corpo.,25,1,0,neuroscienze
24,24,0,1,1,1,1,4,3,1,0,0,0,6,8,1,0,"Forse che dopo vari tentativi ci si abitua ad usare la bocca e la lingua per tener ferma la penna, e dunque anche per un compito diverso dal solito.",26,0,1,genomica
25,25,1,1,1,1,1,4,5,3,4,5,3,5,4,1,0,Valutare la capacità di utilizzare un mezzo diverso per compiere azioni che abitualmente vengono completate con parti del corpo che non possono più essere utilizzate. L'apprendimento di tale nuovo mezzo e l'affinamento della tecnica mediante l'utilizzo della stessa.,28,0,1,genomica
26,26,1,0,0,0,0,0,7,3,0,4,5,7,3,1,0,Testare la capacità di cogliere l'umorismo in contemporanea a un compito psicomotorio difficile e non abitudinario.,24,0,1,comunicazione scienza
27,27,0,1,1,1,1,4,7,7,1,2,5,6,6,1,0,"Analizzare la capacità di attività ricreativa svolta con l'uso di parti di corpo generalmente non coinvolte in tali attività. Vedere se le capacità motorie relative alla parte di corpo ""inusuale"" incrementano nel contesto.",27,0,1,neuroscienze
28,28,0,1,1,1,1,4,9,6,2,8,2,5,7,1,0,"Lo scopo dell'esperimento potrebbe essere quello di studiare la capacità della nostra volontà di coordinare parti del corpo che normalmente non vengono usate per un determinato fine, in situazione in cui l'adattamento potrebbe rivelarsi necessario.",23,0,1,neurobiologia
29,29,1,1,1,1,1,4,7,6,1,0,2,3,5,0,0,"Sondare la capacità di effettuare movimenti con muscoli non deputati a quel tipo di azione. Le vignette comiche sono probabilmente state utilizzare per sondare lo spirito e l'umorismo del soggetto, durante una situazione scomoda come tenere la penna tra i denti e salivare copiosamente.",26,0,1,neuroscienze
30,30,1,1,1,1,1,4,7,3,5,6,5,5,4,1,0,Comprendere che espedienti si utilizzano per eseuire compiti motori in modo non naturale.,23,1,1,neuroscienze
31,31,0,1,1,1,1,4,7,6,6,5,3,7,3,1,0,"Misurare l'abilità di svolgere funzioni normali con altre parti del corpo e studiare le ""emozioni"" che ne derivano. Es. ridere perché si sta compiendo un'azione buffa.",27,0,1,dottorato
32,32,0,1,1,1,1,4,2,3,7,8,4,7,4,1,0,"La contrazione dei muscoli facciali soprattutto della bocca e la reazione della persona nell'usare la bocca, al posto delle mani.",28,0,0,contabilita
33,33,1,1,1,1,1,4,2,3,1,2,2,0,8,1,0,"Penso che lo scopo dell'esperimento sia quello di valutare la difficoltà nello svolgere compiti che normalmente non vengono compiuti tenendo una penna in bocca ma usando le mani. Inoltre si vuole valutare come leggere delle vignette comiche con il ""fastidio"" di dover tenere la penna in bocca non ci permetta di essere totalmente concentrati e rilassati per cogliere l'ironia.",27,0,1,neurobiologia
34,34,1,1,1,1,1,4,7,6,7,5,8,6,8,1,0,"Lo scopo potrebbe essere cordinare un oggetto solo attraverso la vista, abbiamo perso la sensibilità che sarebbe stata data dalle labbra.",27,0,1,neurobiology
35,35,0,1,1,1,1,4,8,8,0,7,8,6,4,1,0,Valutare l'abilità di impugnare e utilizzare un oggetto in un modo a cui non siamo abituati a fare. Inoltre credo si valuti anche se l'abilità di coordinazione migliori mano a mano che si va avanti nella prova.,23,0,1,neuroscienze
36,36,0,1,1,1,0,3,6,8,7,4,7,4,6,1,0,Probabilmente indagare la capacità di compiere determinate azioni con altre parti del corpo che non usiamo solitamente e vedere come questa cambia in risposta a stimoli che possono alterare lo stato d'animo e lo stato di concentrazione del soggetto.,23,0,1,neuroscienze
37,37,1,1,1,1,1,4,5,1,2,6,6,3,5,1,0,"Lo scopo dell'esperimento credo sia quello di verificare la capacità di persone comuni, senza alcun particolare handicap, di utilizzare mezzi alternativi per comunicare e di determinare la capacità di adattarsi a condizioni sfavorevoli.",24,1,1,neuroscienze
38,38,1,1,1,1,1,4,7,7,3,4,5,6,6,1,0,,24,1,1,neuroscienze
39,39,0,1,1,1,1,4,5,2,0,2,0,1,8,1,0,Non ne ho idea.,24,1,1,neuroscienze
40,40,0,1,1,1,1,4,5,6,6,3,2,6,8,1,0,Lo scopo è comprendere l'associazione tra senso dell'umorismo e abilità motorie.,28,0,1,genomica
41,41,1,1,1,1,1,4,3,7,1,2,2,2,5,1,0,Capire e comprendere le diverse capacità psicomotorie.,25,0,1,genomica
42,42,1,1,1,1,1,4,5,3,0,2,3,5,5,1,0,"Credo venga valutata la coordinazione motoria. Per far ciò viene prima richiesto di effettuare dei compiti per testare la coordinazione nei 2 piani nello spazio, successivamente si nota come questa coordinazione viene alterata dallo stato d'animo (modificato dalle vignette). Alla fine si confronta con le X inserite con la mano, effettore solitamente usando questi movimenti.",25,1,1,neuroscienze
43,43,0,0,1,1,1,3,3,3,2,2,0,0,4,1,0,"La parte ""ovvia"" credo sia valutare la coordinazione motoria individuale. Tuttavia mi viene il dubbio che data la ""difficoltà"" dello scrivere in questo modo, forse lo scopo era valutare se il soggetto avrebbe segnato il valore sulla scala numerica alla base nel modo convenzionale o seguendo per tuto il tempo le indicazione dell'esperimento. ",24,0,1,ecologia
44,44,0,1,1,1,1,4,4,6,3,3,3,7,6,1,1,andare a vedere se il tenere la penna sulle labbra influiva sul divertimento creato dalla battuta. Situazione di piu stress uguale meno divertimento.,24,1,1,ecologia
45,45,1,1,1,1,1,4,5,0,0,7,0,1,4,1,0,Primo: attività motoria nel tenere la penna in bocca. Abilità nel concentrarsi per tenere la penna in bocca e attenzione nel capire cosa fare nonché interpretare le varie vignette. Capacità quindi di coordinare varie cose e movimenti nello stesso tempo.,21,0,1,biologia
46,46,1,0,0,0,0,0,5,3,3,4,2,5,6,1,0,Credo che lo scopo dell'esperimento sia osservare come l'individuo adegua e raffina un movimento mai fatto prima per eseguirlo in modo sempre più preciso.,30,0,1,biologia
47,47,0,1,1,1,1,4,7,6,4,6,7,4,2,1,0,"Capacità nel tenere oggetti in modo inusuale; capacità di concentrazione durante un'attività diversa dal solito; studio di espressioni mimiche durante un'attività ""impegnativa""; capacità e velocità di apprendere una nuova attività.",33,0,1,neurobiologia
48,48,0,1,1,1,1,4,7,7,4,8,6,8,7,1,0,Capire come la concentrazione nell'eseguire un determinato compito possa influenzare la capacità di eseguire movimenti.,29,0,1,neuroscienze
49,49,1,1,1,1,1,4,9,5,2,7,2,8,5,1,0,Verificare il livello di attenzione durante lo svolgimento di un compito inusuale (unire punti con penna in bocca).,23,0,1,neuroscienze
50,50,1,1,1,1,1,4,6,1,0,1,0,7,7,0,0,"Penso che lo scopo è quello di vedere il comportamento della persone sotto ""difficolà"" visto che l'esperimento non consentiva l'uso del muscolo orbitale, e con il solo uso dei denti è molto difficile eseguire l'azione, per quanto riguarda la vignetta, penso che servissero solo per confondere chi ha fatto l'esperimento.Forse poichè ci sono diverse aree della corteccia che giocano un ruolo importante in questa prova, sicuramente l'area motrice è una di queste.",24,1,1,neuroscienze
51,51,0,1,1,1,1,4,7,7,6,1,1,4,5,1,0,,24,0,1,neuroscienze
52,52,0,1,1,1,1,4,8,8,5,5,6,8,6,1,0,Utilizzare una struttura (bocca) normalmente utilizzata per altri scopi (parola) per scrivere (generalmente appannaggio delle mani). Valutare l'aumento di concentrazione.,23,0,1,studi umanistici
53,53,1,1,1,1,1,4,5,2,3,7,3,3,7,1,0,"Credo che l'esperimento serva a vedere come reagisce il nostro cervello mentre stiamo facendo qualcosa di inconsueto, che quindi richiede maggior sforzo mentale.",23,1,1,scienze mm ff nn
54,54,1,1,1,1,1,4,5,4,5,6,6,7,4,1,0,Verificare le difficoltà di usare parti diverse del corpo non adatte per lo scopo. O verificare se le persone seguono le indicazioni dell'esperimento anche se sono bizzarre e contro il senso comune se vengono dette da una persona che si ritiene competente.,28,1,1,neuroscienze
55,55,0,1,1,1,1,4,5,2,1,3,3,2,7,1,0,"Sono stati presi in considerazione le capacità dei singoli partecipanti nei movimenti coordinati tra occhio e bocca, in particolar modo la capacità espressiva delle labbra nella comunicazione e nel controllo muscolare dei singoli movimenti.",22,1,1,neuroscienze
56,56,0,1,1,1,1,4,0,1,3,5,5,3,9,1,0,"La prima parte era sul controllo motorio con una parte del corpo inusuale ma molto sensibile. La seconda, la parte cognitiva, potrei ipotizzare che volesse a questo punto essere un modo di cercare un collegamento tra la parte del cervello che regola il ""divertimento"" e le vie di segnalazione delle labbra, anche se non riesci ad immaginare come possano essere collegati.",23,1,1,neuroscienze
57,57,1,1,1,1,1,4,8,3,0,1,4,7,7,1,0,"Valutare quanto lo ""sforzo"" derivante dall'apprendimento di un movimento nuovo (tenere la penna con la bocca) distolga l'attenzione dal resto. (probabilmente avrò uniti i puntini in una sequenza scorretta!).",22,0,1,neurobiologia
58,58,1,1,1,1,1,4,9,8,3,6,1,4,7,1,0,Quanto il dover stare concentrati su un'azione complessa (perché insolita) possa modulare il processamento e l'elaborazione di input esterni,28,1,1,neuroscienze
59,59,0,1,1,1,1,4,7,7,0,7,0,8,7,1,0,Testare la coordinazione motoria in diverse circostanze.,23,0,1,neuroscienze
60,60,0,0,0,0,0,0,3,3,4,7,2,3,7,1,0,Comprendere le capacità psicomotorie.,23,0,1,neuroscienze
61,61,1,1,1,1,1,4,8,9,2,4,6,7,6,0,0,"Non ne ho idea! Mi dispiace dare allo sperimentatore questa delusione, ma non so cosa rispondere.",24,0,1,neuroscienze
62,62,1,1,1,1,1,4,7,6,6,4,5,7,5,1,0,"Comprendere se le persone messe in difficoltà cerchino delle strategie per ovviare il problema (ad es. imparare ad utilizzare la lingua, in questo caso) andando avanti coi tentativi. Penso che le vignette servissero ad aumentare la difficoltà (ridere rende più difficoltoso il compito).",23,0,1,neuroscienze
63,63,0,1,1,1,1,4,6,7,2,3,6,6,7,1,0,Valutare la capacità di coordinamento in movimenti che di solito vengono eseguiti con altre parti del corpo.,24,0,1,genomica
64,64,0,1,1,1,1,4,6,4,0,5,0,0,7,1,0,Banalmente direi la capacità di una persona nell'eseguire operazioni quotidiane come quella di scrivere con un vettore diverso dalla mano. Ma non credo sia quello e sinceramente non saprei dire. Sono sicuro che le vignette abbino un importanza maggiore di quella che si considera.,21,1,1,matematica
65,65,1,1,1,1,1,4,5,5,6,8,8,8,8,1,0,Lo scopo è riuscire a vedere come l'individuo migliora ed usa nuovi modi quando non è in grado di usare le mani. In particolare vedere l'area motoria del cervelletto come reagisce in una situazione nuova (totale assenza braccia).,23,0,1,genomica
66,66,1,1,1,1,1,4,7,5,3,3,3,3,2,0,0,Lo scopo potrebbe essere quello di vedere le alterazioni psicofisiche che si possono avere nel momento in cui si utilizzano parti del corpo per compiti per cui non vengono normalmente utilizzate.,25,1,1,neuroscienze
67,67,0,1,1,1,1,4,7,4,1,2,2,3,8,1,0,"Giudicare la coordinazione motoria, per azione che non siamo abituati a svolgere, o che svolgiamo in tutt'altro modo.",30,1,0,
68,68,0,1,1,1,1,4,8,8,4,6,3,8,2,1,0,L'esperimento è inteso per valutare nuovi strumenti in grado di aiutare persone con difficoltà motorie.,28,0,1,
69,69,1,0,0,0,0,0,4,2,0,2,5,6,5,1,0,"Credo che l'esperimento abbia lo scopo di valutare la capacità di eseguire schemi motori anche con muscoli non normalmente utilizzati, e le strategie usate dal cervello per replicare i movimenti in altri distretti (se non erro, il cervello si attiva nell stesso modo indipendentemente dai muscoli coinvolti, se l'azione è la stessa).",21,1,1,medicina 
70,70,1,1,1,1,1,4,8,6,5,8,8,6,5,1,0,Verificare la praticabilità di alternative low cost ad apparati ora usati …. La difficoltà con cui si può imparare ad eseguire azioni quotidiane in un modo diverso dal solito.,22,1,1,fisica
71,71,0,1,1,1,1,4,6,7,2,3,3,3,8,1,0,Rilevare emozioni sulla base dei movimenti muscolari della bocca.,22,1,1,fisica
72,72,0,1,1,1,1,4,7,6,6,4,4,3,3,1,0,Capire le possibili diverse strategie che le persone adottano di fronte al compito. Alternativamente capire se le vignette possano divertire più o meno se sono messo in difficoltà dalla penna in bocca.,27,0,1,medicina
73,73,1,1,1,1,1,4,0,0,6,8,6,6,9,1,0,Capire come si comporta/reagisce una persona abituata ad usare le mani quando gli viene impedito di farlo.,20,1,0,
74,74,1,1,1,1,1,4,8,4,4,8,6,3,1,1,0,Indagare quanto la concentrazione e l'interesse influiscano sulla coordinazione oculo-motoria.,23,0,1,biologia
75,75,0,1,1,1,1,4,8,9,8,7,2,5,4,1,0,"Lo scopo dell'esperimento potrebbe essere, attraverso quanto l'osservazione della fluidità dei movimenti, capire il nostro cervello (le aree deputate a questo compito) sia capace di ""sostituire"" gli organi-arti deputati ad un certo movimento - la scrittura - con altre parti del corpo che di solito non usiamo mai per questo genere di attività.",22,0,1,scienze ambientali
76,76,0,1,1,1,1,4,6,7,6,3,6,7,7,1,0,"Trovare nuovi metodi per consentire a chi non può utilizzare mani e voce per esprimensi, di poterlo fare in maniera alternativa.",24,0,1,giurisprudenza
77,77,1,1,1,1,1,4,5,3,4,6,7,7,8,1,0,Lo scopo dell'esperimento è di valutare la capacità di utilizzare la penna per compiti semplici usando la bocca e non gli arti che si usano solitamente.,20,0,1,ingegneria biomedica
78,78,1,1,1,1,1,4,4,2,2,5,6,1,4,1,0,Capire quanto siamo abili nell'utilizzo di una parte del nostro corpo che di solito non utilizziamo per certe mansioni.,19,1,1,studente economia
79,79,0,1,1,1,1,4,7,9,6,4,3,5,5,1,0,"Immagino che i primi valutassero il livello di coordinazione e la posizione media della penna in bocca, mentre le barzellette siano legate in qualche modo ad un'indagine sulle microespressioni.",27,1,1,psicologia
80,80,0,1,1,1,1,4,7,9,6,5,8,7,7,1,0,Forse è il modo di vedere se tenere la bocca ferma può impedire di sentire le emozioni.,24,0,1,fisica
81,81,1,1,1,1,1,4,7,6,6,7,5,6,6,1,0,Studiare l'evoluzione dell'apprendimento motorio e /o i suoi effetti sulla semantica.,26,1,1,neuroscienze
82,82,1,1,1,1,1,4,8,1,5,5,6,3,8,1,0,Cercare di capire se dovendo fare attenzione ad un'azione (tenere la penna con i denti senza usare le labbra - coordinazione) siamo in grado di compiere altre azioni senza sbagliare (trovare le vocali) o senza perderne in qualità (per esempio mantenere la capacità di capire le vignette).,25,1,0,medicina
83,83,0,1,1,1,1,4,7,8,0,9,3,4,9,1,0,"Usare la bocca per arrivare a scrivere. Non mi è chiaro come questo incida sulle ""vignette"", penso che le avrei trovare più o meno divertenti a prescindere dalla biro certo è stato più difficile reidere nell'unica che ho trovato davvero divertente.",28,0,0,matematica
84,84,0,1,1,1,1,4,2,4,0,2,4,5,7,1,0,"Tenere la penna in bocca per un certo lasso di tempo dopo un po’ è risultato difficile, come il dover eseguire più spostamenti alternando tratti segnati sul foglio e altri di semplice spostamento. Penso che lo scopo sia quello di valutare la difficoltà e la possibilità quindi di usare  uno strumento del genere per gli scopi quotidiani.",28,1,0,spedizioniere
85,85,1,1,1,1,1,4,9,8,4,7,5,6,7,1,1,ES1: Familiarizzare|distrarre ES2: Spostare il candidato verso la comprensione di un testo ES3: valutare la risposta all'umorismo di una persona costretta in una determinata espressione facciale.,27,1,1,fisica
86,86,1,1,1,1,1,4,5,2,6,2,2,2,9,1,0,Capire come le disabilità influenzano il modo con cui si percepiscono le situazioni in cui ci si trova.,29,1,1,fisica
87,87,0,1,1,1,1,4,5,5,0,3,3,6,8,1,0,To test motor abilities with inusual body parts.,25,0,1,neuroscienze
88,88,0,1,1,1,1,4,6,6,3,6,8,5,9,1,1,"Testare se ci sia un impairment nell'elaborazione dell'info ""comica"" dovuta al fatto di avere la penna nelle labbra. La contrazione dei muscoli dovuta all'atto di sorridere potrebbe infatti risentire della presenza della penna.",25,1,1,cognitive linguistic
89,89,1,1,1,1,1,4,3,0,2,5,2,4,5,1,0,"Trovare aree del cervello/Comprendere il perché dei movimenti eseguiti con la bocca per compiere azioni che normalmente si svolgono con l'ausilio delle mani. Potrebbe essere un modo per capire come per potenziare aree corticali per eseguire semplici azioni (come, ad esempio: usare la penna) in seguito ad un'amputazione di parti del corpo, come le mani, per eseguirle.",20,0,1,biologia
90,90,1,1,1,1,1,4,4,2,4,3,2,3,5,1,0,"Penso che lo scopo dell'esperimento sia valutare quanto le capacità sia psichiche/logiche che motorie possono essere influenzate dall'utilizzo ""alternativo"" di arti nello svolgere un determinato e semplice task.",27,0,1,dottorato
91,91,0,1,1,1,1,4,3,4,6,5,5,6,8,1,0,"Analyse motor coordination and brain muscle communication on doing something simple and ""daily"" with different movements/style. Could be related to studies on brain/moto adaptation, for ex. After an accident.",26,1,1,dottorato
92,92,0,1,1,1,1,4,6,3,0,6,0,1,9,1,0,"Lo scopo dell'esperimento è analizzare il funzionamento dei singoli muscoli coinvolti nelle espressioni facciali in condizioni ""non normali"", come potrebbe succedere in casi di ictus, lifting, ecc.",19,0,1,psicologia
93,93,1,1,1,1,1,4,6,3,6,7,9,7,8,1,0,"Secondo me, lo scopo dell'esperimento è quello di capire la capacità di coordinazione mente-bocca, riguardante l'ambito della comunicazione scritta. Di solito, si usano le mani per scrivere in testo o rispondere a dei questionari e la bocca utilizzata solo per la comprensione orale. Essendo tutti abituati a scrivere con le mani sin da piccoli, è uno sforzo (più o meno grande) del cervello l'utilizzo di qualcun altra parte del corpo, tra cui la bocca. E si cerca di capire anche se sia possibile avere la stessa soglia di attenzione (mentre si scrive con la bocca) di quando si scrive con le mani.",23,0,1,storia e filosofia
94,94,1,1,1,1,1,4,5,5,4,5,1,2,7,1,0,Valutare la capacità di riprodurre azioni semplici con metodi a cui non si è abituati e valutare la capacità di non focalizzarsi nel solo compito motorio per capire quanto sia l'effettivo sforzo di concentrazione per produrre il movimento.,24,1,1,neuroscienze
95,95,0,1,1,1,1,4,3,4,2,7,5,7,6,1,0,Monitorare i movimenti e vedere come le varie parti interagiscono quando sono utilizzate non nel modo consueto. E' un esperimento psico-motorio rivolto a vedere le capacità dei muscoli e come si relazionano con i comandi del cervello.,23,0,1,giurisprudenza
96,96,0,1,1,1,1,4,8,8,1,1,1,1,7,1,0,Lo scopo dell'esperimento è quello di determinare che durante un compito difficile (come quello di tenere la penna in bocca con le sole labbra) il senso dell'umorismo si abbassa di molto.,28,0,0,neuroscienze
97,97,1,1,1,1,1,4,5,0,4,4,5,7,4,1,0,"Lo scopo dell'esperimento potrebbe essere quello di valutare l'interferenza dell'oggetto ""impugnato"" in maniera inusuale con comportamenti innati come la valutazione dell'ironia o l'individuazione di numeri e vocali (competenze acquisite da bambina).",28,0,1,dottorato
98,98,1,1,1,1,1,4,7,7,1,3,4,1,9,1,0,"Osservare la capacità di alcune parti del corpo (es. bocca) di eseguire compiti diversi da quelli per cui si sono sviluppate. Nel caso delle vignette, probabilmente viene osservato quanto il nostro stato d'animo possa influire sulle suddette capacità (es. in questo caso un sorriso).",26,0,1,genomica
99,99,0,1,1,1,1,4,3,4,4,6,4,3,6,1,0,"Secondo me lo scopo dell'esperimento è stato di comprendere in primisi se anche un soggetto con normali capacità motorie fosse in grado di utilizzare un'altra parte del corpo per compiere azioni in cui solitamente impiega la mano e nella seconda parte vedere se la difficoltà del compito effettuato potesse in qualche modo incidere sulla percezione generale che il soggetto ha, e se sia o meno in grado di cogliere la difficoltà del compito, come lo spirito divertente di una vignetta.",25,0,1,genomica
100,100,0,1,1,1,1,4,6,3,2,3,3,1,7,1,0,"Valutare le capacità di coordinazione motoria utilizzando una parte del corpo che normalmente viene usata per svolgere altre funzioni, allo scopo di sviluppare nuovi metodi per aiutare persone che non possono o hanno difficoltà a utilizzare le mani. Capire il ruolo che un elemento di distrazione (la penna in bocca) ha nel momento in cui si compie contemporaneamente un'altra azione e si cerca di concentrarsi.",27,0,0,traduzione
101,101,1,1,1,1,1,4,6,3,2,7,1,8,7,1,0,"Penso che lo scopo sia vedere la nostra capacità nello svolgere dei compiti ""banali"" in un modo non convenzionale.",25,0,1,neuroscienze
102,102,1,1,1,1,1,4,8,2,6,0,5,6,9,1,0,Scopo dell'esperimento è studiare la coordinazione psicomotoria.,25,0,1,comunicazione scienza
103,103,0,1,1,1,1,4,6,6,4,6,7,8,5,1,0,"Cercare metodi più semplici per l'utilizzo di strumenti alternativi per la scrittura da parte di persone impossibilitate, vedere quanto poco resiste una persona normale senza allenamento a questo esercizio.",22,1,1,superiori
104,104,0,1,1,1,1,4,7,5,6,4,2,0,7,1,0,Capire la capacità di adattamento a nuovi metodi di controllo di movimenti.,23,1,1,dottorato
105,105,1,1,1,1,1,4,5,3,0,0,2,4,7,1,0,Individuare un sistema che permetta di esprimersi a chi non ha la possibilità di farlo utilizzando le mani o la voce.,31,0,0,neuroscienze
106,106,1,1,1,1,1,4,6,8,1,5,3,6,9,1,0,"Capire quanto una persona che abitualmente non usa la bocca per scrivere sia in grado di adattare il suo cervello a un nuovo compito, coordinando i muscoli della bocca al cervello.",26,0,1,biologia
107,107,0,1,1,1,1,4,6,7,5,4,4,6,7,1,0,Lo scopo potrebbe essere quello di analizzare diversi aspetti dell'equivalenza motoria. Vale a dire se siamo in grado di percepire ed eseguire azioni o situazioni allo stesso modo quando usiamo un mezzo che non è quello solito (bocca al posto delle mani per es.).,25,1,1,neuroscienze
108,108,0,1,1,1,1,4,4,3,3,6,6,2,8,1,0,Capire se la mimica facciale interferisce con l'uso della bocca per tenere la penna.,30,1,0,Scientist in physics
109,109,1,1,1,1,1,4,4,0,3,4,5,7,3,1,0,"Lo scopo dell'esperimento è vedere se è possibile, per persone diversamente abili, usare la bocca al posto delle mani per svolgere diversi compiti.",20,0,1,psicologia
110,110,1,1,1,1,1,4,6,3,1,4,5,8,3,1,0,Lo scopo dell'esperimento è di visualizzare le mie capacità di tenere una penna in bocca e scrivere con essa senza l'uso delle mani.,19,0,1,
111,111,0,,,,,,,,,,,,,,,,,,,
112,112,0,,,,,,,,,,,,,,,,,,,
113,113,1,1,1,1,1,4,4,3,5,7,7,6,5,1,0,"Coordinazione motoria, utilizzando parti del corpo che normalmente non vengono utilizzate per svolgere determinati compiti. Sviluppo di tecnologie per persone con disabilità motorie.",23,0,1,neuroscienze
114,114,1,1,1,1,1,4,6,4,0,5,7,8,9,1,0,Capire se le reazioni istintive facciali possano in qualche modo interferire con semplici tasks (o più in generale attività cerebrale) come il riconoscimento di vocali o capire l'umorismo di una vignetta.,29,1,0,neuroscienze
115,115,0,,,,,,,,,,,,,,,,,,,
116,116,0,,,,,,,,,,,,,,,,,,,
117,117,1,1,1,1,1,4,8,3,2,6,3,6,2,1,0,Indentificare eventuali interazioni tra compiti diversi e coordinazione motoria.,23,0,1,giornalismo
118,118,1,1,1,1,1,4,7,4,1,2,6,7,4,1,0,Valutare l'effetto dello sforzo di tenere la penna in bocca sulla fruizione dei contenuti.,24,0,1,comunicazione
119,119,0,,,,,,,,,,,,,,,,,,,
120,120,0,,,,,,,,,,,,,,,,,,,
121,121,1,1,1,1,1,4,2,1,4,2,6,7,7,1,0,"Credo che lo scopo sia vedere se le capacità di attenzione e di comprensione cambiano, quando dobbiamo svolgere dei compiti utilizzando modi non ""classici"". Cioè se la capacità di capire una vignetta sia influenzata dal fatto di prestare attenzione a tenere la penna in maniera corretta.",30,0,1,nanoscienze
122,122,1,1,1,1,1,4,9,9,4,5,4,7,8,1,0,Verificare quanto sia difficile scrivere e/o pensare in una situazione anormale.,27,0,1,fisica
,,,,,,,,,,,,,,,,,,,,,
,,,,,,,,,,,,,,,,,,,,,
,,,,,,,,,,,,,,,,,,,,,
,,,,,,,,,,,,,,,,,,,,,
,,,,,,,,,,,,,,,,,,,,,
,,,,,,,,,,,,,,,,,,,,,
,,,,,,,,,,,,,,,,,,,,,
,,,,,,,,,,,,,,,,,,,,,
,,,,,,,,,,,,,,,,,,,,,
,,,,,,,,,,,,,,,,,,,,,
,,,,,,,,,,,,,,,,,,,,,
,,,,,,,,,,,,,,,,,,,,,
,,,,,,,,,,,,,,,,,,,,,
,,,,,,,,,,,,,,,,,,,,,
,,,,,,,,,,,,,,,,,,,,,
,,,,,,,,,,,,,,,,,,,,,
,,,,,,,,,,,,,,,,,,,,,
,,,,,,,,,,,,,,,,,,,,,
,,,,,,,,,,,,,,,,,,,,,
,,,,,,,,,,,,,,,,,,,,,
,,,,,,,,,,,,,,,,,,,,,
,,,,,,,,,,,,,,,,,,,,,
,,,,,,,,,,,,,,,,,,,,,
,,,,,,,,,,,,,,,,,,,,,
,,,,,,,,,,,,,,,,,,,,,
,,,,,,,,,,,,,,,,,,,,,
,,,,,,,,,,,,,,,,,,,,,
,,,,,,,,,,,,,,,,,,,,,
,,,,,,,,,,,,,,,,,,,,,
,,,,,,,,,,,,,,,,,,,,,
,,,,,,,,,,,,,,,,,,,,,
,,,,,,,,,,,,,,,,,,,,,
,,,,,,,,,,,,,,,,,,,,,
,,,,,,,,,,,,,,,,,,,,,
,,,,,,,,,,,,,,,,,,,,,
,,,,,,,,,,,,,,,,,,,,,
