subjectNo,ParticipantID,"Condition
1= SMILE 0 = POUT","Task performed correctly? 
 1 = YES   0 = NO",,,,,Ratings,,,,,,Self-reported task performance," Comprehension of cartoons
1 = YES   0 = NO","Was the participant aware of the goal?
1= YES  0 = NO",Transcribe the written answer of each participant's guess  of the study's goal.,Age,"Gender
1 = Male   0 = Female","Student
1 = YES   0 = NO",Occupation / Field of study
,,,Cartoon1,Cartoon2,Cartoon3,Cartoon4,Total,Task1,Task2,Cartoon1,Cartoon2,Cartoon3,Cartoon4,,,,,,,,
13,107,0,0,0,0,0,0,6,3,4,6,6,3,8,1,0,I think the purpose of this experiment was to study how people with physical disabilities would go about tasks such as writing. I did not quite understand where the cartoon and rating them had to do with that though. Maybe to see that moving facial muscles due to smilitng or laughter would affect holding the pen in the correct position. ,20,0,1,Psychology 
15,108,1,1,1,1,1,4,8,7,3,5,6,3,3,0,0,The purpose of the experiment was to see how well you can use other parts of your body besides your hand the purpose of the cartoons was to see maybe how well you focused on the cartoons even though you were trying to multitsak with the pen in your mouth. ,20,0,1,Psychology
17,109,0,1,1,1,1,4,2,0,3,4,4,7,8,1,0,I think the purpose of this experiment was to see how we as humans adapt to not being able to use certain parts of our bodies to complete tasks.,19,1,1,Psychology
19,110,0,1,1,1,1,4,6,4,5,6,7,8,6,1,0,"To test the ability of students to complete everyday, ""normal"" tasks in a different way.",19,0,1,Psychology 
21,111,0,1,1,1,1,4,8,7,3,5,2,4,7,1,0,"I think the purpose of this experiment (having read the pourpose we were given on the sheet form- my purpose may be so off...), was to see how having certain disabilities may affect humor or what that person finds funny.",19,0,1,History/Anthropology & Sociology/Psychology
23,112,0,1,1,1,1,4,8,4,2,4,3,3,7,1,0,"I assumed it had to do with physical ability and methods of making every-day life easier for those who might be physically disabled, but maybe its something else!",19,0,1,Psychology 
37,119,0,1,1,1,1,4,5,7,3,7,2,7,5,1,0,I think the purpose is to see how well people can use alterate ways to do daily tasks.,20,1,1,Economics
39,120,0,1,1,1,1,4,8,8,2,3,5,7,1,1,0,"I believe that the purpose of this experiment was to test how difficult it would be for someone to do an everyday activitiy in a different way.  I believe that it was trying to test how quickly someone could do something they do everyday, write, in a strange and different way for them.",18,0,1,Undecided
41,121,0,,,,,0,5,6,2,2,3,5,7,1,0,"I think that the purpose of this experiment is to show how difficult it is to perform simple tasks with a part of the body that does not usually perform that task. Although one may be able to draw a straight line with their hand very easily, it is much more difficult when the task is done with the mouth.",18,0,1,English/History
43,122,0,0,0,0,0,0,7,4,2,7,1,4,7,1,0,To demonstrate the feasibility of using other body parts to do the same function as other body parts normally would.,20,1,1,Neuroscience
45,123,0,0,0,0,0,0,7,6,2,5,5,6,5,1,0,"Test how able participants are to adapting to being forced to use different body parts than visual in simple tasks (other wise). Additionally, seeing how able participants are to focusing on cartoons while still being in the uncomfortable position of having a pen in their mouths. ",21,1,1,Economics
47,124,0,1,1,1,1,4,3,2,1,1,3,4,5,0,0,"If were focusing too much on our discomfort, we may not be as ammused by something as we would have been otherwise. ",19,0,1,Math & Economics
49,125,0,1,1,1,1,4,7,6,6,5,7,4,7,1,0,How well do the participants in holding the pen in the correct position with their mouths before watch the acrto0ons and after.,18,0,1,Psychology
51,126,0,0,0,0,0,0,7,3,2,3,0,0,3,1,0,To see levels of frustration or humor when performing tasks with body parts you wouldnt normally use.,20,0,1,Anthropology & Sociology/Psychology
53,127,0,1,1,1,1,4,7,3,0,6,3,8,6,1,0,"To examine if the muscles in our mouth were primed enough to do the tasks our brain was telling them to do, even though they were unusual tasks.",19,0,1,Neuroscience
63,132,0,1,1,1,1,4,7,9,1,3,3,4,5,0,0,It seems to me that the purpose is to judge the ability to use different body parts that we normally do not use to complete.,24,1,1,Policy Studies
65,133,0,1,0,0,0,1,9,7,5,6,5,7,7,1,0,To cmplete daily tasks in a manner that is unusual but normal for those who are physically impaired.,22,0,1,Psychology/Spanish
67,134,0,1,1,1,1,4,9,6,0,0,0,0,4,1,0,If using parts of the body not normally used for certain tasks will require extra attention and take away from the understanding of visual stimuli.,19,0,1,Neuroscience
69,135,0,1,1,1,1,4,6,7,4,5,5,3,4,1,0,How people adapt to using different parts of the body for daily tasks.,19,0,1,Economics/International Affairs
83,142,0,1,1,1,1,4,6,8,3,1,4,8,7,1,0,The purpose of this experiment was to test an individuals motor skills used uncommonly with different body parts. So in other words this experiment tested how well we can do specific actions that we usely use common body parts with uncommon body parts. ex. writing with your mouth instead of with your hands. ,18,0,1,Psychology
85,143,0,1,1,1,1,4,3,5,6,0,2,6,9,1,0,The purpose is to see how different tasks are easier or harder than offers based on the particular impairment of holding a pen in ones mouth.,19,0,1,Engineering Studies
87,144,0,1,,1,0,2,7,6,2,,3,6,6,1,0,To see if using different parts of body and having to concentrate on task can change a humor level.,19,0,1,Neuroscience/French
89,145,0,0,0,0,0,0,4,5,7,5,4,8,8,1,0,The purpose of this experiment is to do certain tasks with body parts you normally wouldnt do them with. Also to find better/cheaper ways to technologies to aid people that have disabilities and cant use appropriate body parts for certain tasks. ,19,0,1,Psychology
91,146,0,0,0,0,0,0,7,4,9,9,7,9,5,1,0,I think the purpose of this experiment may be to see how ability would affect whether we are amused by the cartoons.,19,0,1,Psychology/Anthropology & Sociology/Spanish
93,147,0,1,1,1,1,4,4,4,1,2,3,5,5,1,0,"To attempt performing tasks with my mouth that I would normallly do with my hands, and see how successful my performance was. I dont understand the cartoon part. ",20,0,1,Economics
107,154,0,1,1,1,1,4,8,9,2,7,2,5,6,1,0,I believe the purpose of the experiment was to see how difficult using alternative methods to perform everyday tasks can be (like for the handicapped) and how multitasking adds to this difficulty.,19,0,1,Psychology/Economics
115,158,0,1,1,1,1,4,6,2,3,4,5,6,5,1,0,"understand what tasks can be done with other parts of the body that you normally wouldnt complete the task with.  If someon is disablesd, maybe that persona can do certain tasks with another part of their body that they normally would not be able to do.",18,0,1,Psychology 
117,159,0,1,1,1,1,4,7,5,1,2,3,1,7,1,0,To see how difficult it would be to learn how touse this method to write,19,1,1,Neuroscience 
123,162,0,1,1,1,1,4,8,7,5,7,7,4,5,1,0,To test a different form of writing that may be used by those who are disabled or for further assistive technology. ,20,0,1,Neuroscience 
125,163,0,1,1,1,1,4,5,4,2,5,5,6,7,1,0,I think the purpose of this experiment is to see peoples reactions to the cartoons while focusing on an uncomfortable tasl. And explore if they have less understanding of the cartoons while holding a pen in their mouth.  ,20,0,1,Engineering Studies/Economics 
127,164,0,0,0,0,0,0,8,7,6,9,6,8,6.5,1,0,The purpose was to see how easy or difficult it is for people with a physical impairment to live day to day. It made me appreciate my hands a lot more.,19,0,1,Psychology/Anthropology & Sociology
129,165,0,1,1,1,1,4,6,1,4,7,3,8,5,1,0,"I believe the purpose of this experiment is to test the ease that disabled people can accomplish a task that we go through every day, never really knowing quite how difficult it actually is for them.",20,1,1,Engineering Studies/Economics 
131,166,0,1,1,1,1,4,6,5,1,5,1,6,6,1,0,The purpose of this experiment was to get a feel and understand what it is like to use parts of the body we dont regularly use for a certain (?) to carry out tasks. This simulates how physically impaired people are able to carry out some tasks.,20,0,1,Neuroscience
133,167,0,0,0,0,0,0,6,5,2,5,5,3,7,1,0,I think the purpose was to see how much harder it was to hold the pen when I had to think about what I was doing.  Could different pictures make it easier or harder depending on how I felt about them?,20,0,1,Policy Studies
135,168,0,1,1,1,1,4,5,7,5,7,7,6,8,1,0,"To examine the ability of an individual to hald a pen and show a response by writing with the pen in the mouth, maybe to see if certain emotions bring better coordination.",19,0,1,Neuroscience
137,169,0,1,1,1,1,4,7,4,3,5,6,6,5,1,0,Test peoples ability to follow directions and in the case of the cartoons focus on two very different things at once.,20,1,1,Engineering Studies/Economics 
139,170,0,1,1,1,1,4,3,3,7,8,2,7,6,1,0,I think the purpose was to give participants a feel of what it feels like to be physically unable to perform certain tasks properly and to get a feel of what the physically impaired may feel like.,19,0,1,Psychology
141,171,0,1,1,1,1,4,6,4,3,5,6,6,7,1,0,I believe the purpose of this exam was to see how successful one was at doing a task with a different body part than normal and also how different levels of arousal can affect the outcome. ,20,1,1,Government & Law
143,172,0,1,1,1,1,4,4,6,3,4,4,5,3,1,0,The purpose is to exemplify how difficult it can be to complete tasks when you dont use the body parts you are used to using for that given task.,19,0,1,Government & Law
145,173,0,1,1,1,1,4,9,9,4,6,1,4,6,1,0,To see if our amusement level effects our control of the pen in our mouth.,19,0,1,Psychology
147,174,0,1,1,1,1,4,7,6,2,6,5,7,8,1,0,"To see how difficult it is to use non-traditional ways to complete a task. How one's mood is affected after struggling to complete a task. Essentially gaging whether a disability can affect outlook, mood, attitude.",19,1,1,International Affairs
149,175,0,1,1,1,1,4,9,7,0,4,1,3,8,1,0,To see my mood/emotions/ability to find something comedic while physically uncomfortable.,20,0,1,Psychology
151,176,0,1,1,1,1,4,7,4,3,4,6,6,9,1,0,"I think the purpose of this experiment was to see how different people are able to perform different tasks using unusual parts of their body.  The humor aspect may play in because different pople react to different comedic scenes different, and there may be a correlation between humor scores and success of task completion.",20,0,1,International Affairs/Spanish
153,177,0,0,0,0,0,0,7,5,6,9,1,9,5,1,0,"As someone who has a grandfather who is paralyzed on his right side, I believe this experiment is helping to find ways for people like him to engage in everyday tasks.",19,1,1,Government & Law/English 
155,178,0,1,1,1,1,4,7,8,7,9,3,0,4,1,0,"I think the purpose of the experiment was to test whether positioning oneself in an unusual/possible uncomfortable task performing condition affects the person's perception/opinion of cartoons based on understanding differences between people. While testing whether I performed well in holding the pen in the correct position you also tested if my opinion of my performance affects my perception/opinion on images that I would ""normally"" perceive as amusing",19,0,1,Psychology
157,179,0,0,0,0,0,0,5,7,6,6,3,2,8,1,0,To test how well people can do everyday tasks such as writing without using normal body parts.,19,0,1,Anthropology & Sociology/Economics
159,180,0,1,1,1,1,4,8,6,1,3,5,8,7,1,0,To see the capability level/difficulty of someone using one body part for a task they primarilly rely on another body part for. To test how dependent an individual is on their hands/if drastically varies between participants. ,18,0,1,.
2,201,0,,,,,0,6,8,1,3,0,0,8,0,0,"To show the difficulty of someone who does not have ""normal"" physical characteristics and their daily struggles and how they must use orther methods to perform basic tasks.  I think there is something else involved as the purpose but I can't figure it out.",19,0,1,Psychology
4,202,0,1,1,1,1,4,8,7,2,3,0,2,5,1,0,To study whether amusement is affected by some degree of discomfort.,19,0,1,Psychology
8,204,0,1,1,1,1,4,7,2,0,1,0,0,8,1,0,To see how tough it is to writhe w/ the pen in your mouth & to see if you get better over time w/ more practice at holding the pen in your mouth,21,1,1,Math & Economics
10,205,0,1,1,1,1,4,8,9,6,8,9,8,9,1,0,I think the purpose of the experiment was to see how well we did adapting to doing a task in a different way and how much practice with it helped.,19,0,1,Psychology
12,206,0,1,1,1,1,4,7,3,5,6,3,7,5,1,0,"The purpose of this experioment was to observe peoples ability to use other parts of their body, like the mouth, to do something that the hands would normall do. This could then be applied to products that can be made to help people who dont have use of their hands preform tasks lke writing. ",19,0,1,Psychology 
26,213,0,0,1,1,1,3,3,5,4,7,1,6,7,1,0,To distract me with task but still trying to focus on the right pen position and completing them as stated.,22,0,1,Neuroscience
28,214,0,1,1,1,1,4,3,4,4,7,0,3,3,1,0,I think the experiment was about demonstrations the alternative ways that people with disabilities have in order to complete normal tasks.,20,0,1,Psychology 
30,215,0,1,1,1,1,4,8,4,7,9,3,7,8,1,0,The purpose of this experiment is to judge the bailities of using writing utensils in various ways. It explores the challenges of the disabled. ,20,0,1,Biology
32,216,0,1,1,1,1,4,6,6,2,2,7,8,8,1,0,I think the purpose is to examine different means of accomplishing relatively easy tasks when faced with relatively major setbacks. I'm not entirely sure how the cartoons connected to the act of holding the pen. ,19,0,1,English
34,217,0,1,1,1,1,4,3,3,1,2,2,5,8,1,0,To find alternative ways for disabled people since the old alternatives are really expensive and many people cannot afford it.,19,0,1,Psychology/Art
36,218,0,1,1,1,1,4,6,4,0,3,5,2,8,0,0,"To observe the difficuluty or ease of using a not hand body part to write, which generally is a hand task.  I'm unsure about the cartoons, potentially the circling was neater when i was more amused, but I do not know!",18,0,1,Math & Economics
56,228,0,0,0,,0,0,8,8,1,1,,1,2,1,0,Possiblly something to do with discomfort and humor.,19,0,1,Theater/English
58,229,0,1,1,1,1,4,5,3,5,8,4,9,8,1,0,The purpose of this experiment is to see how well participants can perform tasks using atypical parts of their body associated with said tasks. This could help impaired individuals in the future. ,19,1,1,Goverment & Law
60,230,0,0,0,0,0,0,8,2,2,4,4,5,5,1,0,Probably not as much about the pen being in ones mouth as much as how one responds to the cartoons,19,0,1,Biochemistry
62,231,0,0,0,0,0,0,8,6,3,4,4,5,9,1,0,To test amusement or comprehension wile performing an usual task.,20,1,1,Government & Law
72,236,0,0,0,0,0,0,8,6,2,1,1,4,7,0,0,To observe how well you adapted to writing with your mouth by the end of the experiment.,19,1,1,Neuroscience
74,237,0,1,1,1,1,4,8,7,3,5,4,5,6,1,0,I think the purpose of this experiment is to demonstrate the difficulty of using your body parts to perform unusual tasks and to determine how some things should be designed to lessen those difficulties.,19,0,1,Psychology
76,238,0,1,1,1,1,4,7,8,8,9,1,6,6,1,0,To see if these alternative methods are reasonable solutions for those who have disabilities and cant function normally in all aspects of daily life. ,18,0,1,International Affairs
78,239,0,0,0,0,0,0,7,4,5,8,3,6,6,1,0,To see if there was any connection between disabilities/impairment and not finding stuff amusing.,20,1,0,International Affairs/French
80,240,0,0,0,0,0,0,6,7,4,8,0,7,7,1,0,The purpose of this experiment is to understand coordination skills of parts of our body that are not used to perform certain abilities. ,20,0,1,Psychology
82,241,0,1,1,1,1,4,7,5,5,8,1,6,8,1,0,To practice using an unfamiliar body part to complete simple tasks,18,1,1,Neuroscience
96,248,0,0,0,0,0,0,6,7,7,8,3,7,9,1,0,To gain a better understanding of the difficulties disabled people have so we can better create methods and technologies that will better assist these individuals.,21,1,0,Economics/Psychology
98,249,0,1,1,1,1,4,7,9,6,8,7,6,7,1,0,To see how we can adapt to a change in our basic functioning like loosing an arm. ,19,0,1,Film & Media Studies/Psychology
100,250,0,0,0,0,0,0,4,6,3,4,3,6,9,1,0,The purpose of this experiment is to evaluate small tasks done with a typical body parts. The research here tells us some things about using atypical body parts and how we can use that to help people who are paralyzed/handicapped/etc. to perform tasks with atypical body parts as I did in this experiment. ,19,0,1,Neuroscience
102,251,0,1,1,1,1,4,3,6,1,4,1,2,6,1,0,To see if you can do an annoying/difficult task and see if it affects your mood/how amused you are by the cartoons.,19,0,1,Economics/Psychology
104,252,0,1,1,1,1,4,8,6,5,7,3,3,2,1,0,To test our ability to perform tasks using body parts we would not normally use to perform these tasks.,20,0,1,Engineering
106,253,0,1,0,0,1,2,8,9,3,5,0,1,9,1,0,To analyze how a novice can adapt to performing tasks in a way they would not usually perform them. Also to assess the usefullness of this strategy.,21,1,1,Government & Law
120,260,0,1,1,1,1,4,9,9,5,7,3,7,8,1,0,I think the purpose was to demonstrate how accurate using another part of the body can make a task less effective and how with practice you can slightly improve.,19,0,1,Government & Law
122,261,0,0,0,0,0,0,9,8,3,5,8,8,3,1,0,"To see how efficient (or inseficient) other body parts are at doing certain tasks that they usually do not do, thus displaying the need for research in technology to help handicapped people perform every day tasks. ",19,0,1,Psychology/Economics 
124,262,0,1,1,1,1,4,8,9,3,6,1,0,9,1,0,Test how well the brain functions while performing tasks with body parts we are not used to using. ,21,1,1,Government & Law
126,263,0,1,1,1,1,4,6,7,0,0,2,6,8,1,0,"I think the purpose of this experiment is to help people become aware of what it is like to live with physical impairments, and how hard it can be for them to compensate",18,0,1,Psychology
128,264,0,1,1,1,1,4,6,7,4,4,3,4,6,1,0,To see if I would indicate my ratings while still holding the pen in my mouth.,18,0,1,Neuroscience/Policy Studies
130,265,0,1,1,1,1,4,6,3,6,9,6,9,4,1,0,"To understand the experience of individuals who have aphysical impairments in completing tasks in their everyday lives, many of which we take for granted to have the ability to complete so easily",21,0,1,Psychology & French
138,269,0,1,1,1,1,4,8,7,0,1,1,1,4,1,0,To examine ways in which impaired individuals may be able to improve their mobility of their bodies in other ways to live a full life. ,20,0,1,Neuroscience
140,270,0,0,0,0,0,0,7,3,0,3,0,6,7,1,0,"The purpose of this experiment may be to see how manipulating motor skills affects emotion. If someone is concentrating on an unconventional, frustrating task, how would normal emotions/reactions to other stimuli be affected?",21,0,1,Anthropology & Sociology 
142,271,0,0,0,0,0,0,9,8,4,6,8,6,1,0,0,The purpose of this experiment is to test how we would handle some tasks using ways that we are not good at.,18,0,1,Psychology
144,272,0,0,0,1,1,2,7,6,6,8,1,5,6,1,0,Purpose of this experiment was to see if people can use a different body part to do something they don't normally do it with while focusing also on something else.,20,0,1,Engineering 
146,273,0,0,0,0,0,0,9,9,1,3,0,7,9,1,0,The purpose is to observe doing tasks with body parts you aren't used to using. The purpose is to see this success rate and compare it to the level of humor. ,20,1,1,Economics 
148,274,0,1,1,1,1,4,5,5,3,4,5,3,4,1,0,To demonstrate how hard it is when you can't use your hands to write and the difficulty of not being understood like other people can. ,19,0,1,Neuroscience
150,275,0,0,0,0,0,0,7,8,1,3,1,5,3,1,0,I think it was looking at how difficult it is to use your mouth to perform every day functions such as writing.,19,0,1,Film & Media Studies
152,276,0,1,1,1,1,4,9,7,5,8,4,6,7,1,0,I think the purpose of this is to demonstrate how physically demanding specific impairments are in addition to study the ability of non-impared participants to perform the every day tasks of someone who is impaired.,19,0,1,Economics/Psychology
154,277,0,0,0,0,0,0,7,7,6,7,2,5,2,1,0,"It gives participants a glimpse at how dual-tasks can be difficult for people who are not used to performing tasks with alternate parts of the body, and shows how people who are not impaired lack some of the required skills of those who are impaired.",20,1,1,Art
156,278,0,0,0,0,0,0,6,5,2,7,1,8,1,1,0,To see how challenging it is to write without hands and instead write with your mouth.  To see if advanced more expensive technology is needed for people to write without hands.,18,0,1,English
158,279,0,1,1,1,1,4,7,3,7,3,6,2,6,1,0,To see if the person got any better at using the pen in circuling the numbers on the scale as the experiment went on. ,21,1,1,Neuroscience
160,280,0,0,0,0,0,0,2,4,5,6,2,5,7,1,0,I feel that this experiment is examining how able bodied individuals work with simulations and aids for the disabled. I imagine since we all would prefer to use our hands this can be challenging. I know I sometimes counted things as complete when if I did that with my hand I wouldn't count it at all.,21,0,1,Neuroscience/French
1,101,1,1,1,1,1,4,7,5,7,5,4,7,7,1,0,To evaluate how well we can perform everyday tasks in a nontypical way. There are many people out there with disabilities who cannot perform these simple tasks that we take for granted.,18,1,1,Psychology
3,102,1,,,,,0,6,3,3,3,5,4,7,0,0,To better understand how people feel using different parts of our body than usual to perform certain tasks.,20,0,1,Neuroscience
5,103,1,1,1,1,1,4,2,1,2,4,4,5,7,1,0,To look into the process of those who are disabled. i.e. using a pen with no hands and seeing if their processing of info is different. (cartoons),20,1,1,Neuroscience
7,104,1,1,1,1,1,4,7,6,3,6,2,4,4,1,0,The cartoon poirtion kinda threw off y orginial guess.  If I had to guess now though I would say it has soething to do w/ handling failure of some sort.  We the participants are not meant to do well in the first 3 trials but our response to the cartoons in the wake of repeated failures is the important part.,20,1,1,Neuroscience
9,105,1,1,1,0,1,3,7,6,3,5,0,7,8,1,0,I think the purpose was to explore alternative routes to help handicap people achieve success completing everyday tasks and based on these results of this would be a possible good method,19,0,1,Psychology
11,106,1,,1,,1,2,9,8,,8,,9,8,1,0,Like maybe amusement stuff helps people to relax so that it will be easier for them to hold a pen with their mouth to finish tasks.,20,0,1,.
25,113,1,1,1,1,1,4,7,6,3,7,2,7,5,1,0,To observe how people without disabilities perform in these tasks vs how people with disabilities do.,21,0,1,Neuroscience
27,114,1,0,1,1,1,3,8,4,3,7,2,2,5,1,0,I think it has something to do with how funny we find things when we are frustrated/completing tasks.,20,0,1,Psychology/International Affairs
29,115,1,1,1,1,1,4,8,3,2,5,3,5,6,1,0,I think the purpose of this experiment is to see which task we focused more on. The assigned task or holding the pen in your mouth the correct way.,19,1,1,Economics/Psychology
31,116,1,1,1,1,1,4,9,6,1,9,6,9,8,1,0,"I believe that the purpose of this experiment was to see the ability to which a person can perform routine tasks like using a pen under the limitations that they cannot use their hands. this was conducted to convey the struggles of those who are physically impaired in their hands to complete this type of task, and to study how much the brain controls our writing without signals sent to our hands.",18,1,1,Economics 
33,117,1,1,1,0,1,3,8,6,0,6,1,7,5,1,0,Alternative ways to complete basic tasks with out the use of your hands. This would especially be helpful for handicap people. ,21,0,1,Psychology
35,118,1,1,1,1,1,4,6,3,2,7,9,9,8,1,0,To see how effectively tasks can be performed in atypical ways.,20,0,1,Psychology
55,128,1,1,1,1,1,4,3,2,0,0,1,5,9,1,0,To see if basic functions can be performed by body parts that may not typically be used.,18,0,1,Neuroscience
57,129,1,1,1,1,1,4,9,6,3,5,0,9,7,0,0,The purpose of this experiment is to determine alternative methods of using objects that are low-cut and easy to learn.,20,0,1,Psychology
59,130,1,1,1,1,1,4,4,2,2,4,4,6,5,1,0,How well people adjust to do certain tasks using body parts that they are not used to and how they feel about using other parts. ,25,0,1,Psychology
61,131,1,1,1,1,1,4,8,6,4,1,1,5,9,1,0,To test how people did while doing tasks that they normally wouldn't do (write/draw with a pen in their mouth).  This was to test how people with physical impairments might be affected psychologically as well.,19,0,1,Communications
71,136,1,1,1,1,1,4,7,5,7,3,7,0,5,1,0,"I think the purpose of this experiment is to see how different people can complete tasks, such as writing, if they do not have use of the body parts people typically use for those tasks.",18,0,1,Psychology/Government & Law
73,137,1,0,1,1,1,3,8,8,5,4,7,4,1,1,0,To show people can use their mouths for tasks when physically impaired. ,19,1,1,Government & Law
75,138,1,1,1,1,1,4,9,4,7,3,3,7,3,1,0,"By assessing people doing tasks with the body parts that are not normally used and their perception ability, help people who have disabilities to better perform tasks with equipment.",22,0,1,Psychology
77,139,1,1,1,1,1,4,9,7,7,9,2,8,9,1,0,I think the purpose is to determine the difficulty people have in performing a task with a body part they would not normally use. I think this will be used to determine what might make this task easier for someone so that now technology can hopefully be created to help people with disabilities. ,20,0,1,Neuroscience
79,140,1,1,1,1,1,4,3,1,6,6,2,6,7,1,0,I think the purpose was to see how comfortable I was holding/using the pen in a different way than I normally do. ,18,0,1,Psychology/English
81,141,1,1,1,1,1,4,3,3,2,3,2,6,7,1,0,This experiment simulated a situation in which I couldnt use the body part that i normally would for a task then rated if it increased my sympathy for disabled people by seeing if it decreased my amusement of the cartoons that make fun of disable people. ,20,0,1,Neuroscience
95,148,1,1,1,1,1,4,8,2,2,4,4,5,6,1,0,"In order to undetstand if there are more effective and cheaper alternatives to expensive technology (like keyboards that respond to brain waves), it is necessary to test participants doing tasks such as these. With practice, using your teeth to write could possibly become a useful way to write for those who coannot do so in a conventional manner. ",19,0,1,Undeclared
97,149,1,0,0,1,1,2,9,8,0,1,5,3,2,1,0,The purpose is to test our motor skills doing tasks with our mouth that we wouldnt ordinarilly perform with our mouth. ,18,0,1,Psychology
99,150,1,1,1,1,1,4,4,0,0,5,0,6,9,1,0,To see how people handle situations physically at a disadvantage.,22,1,1,Psychology 
101,151,1,0,1,1,1,3,6,5,2,4,5,3,6,1,0,For individuals to understand how difficult it is to do tasks in ways they don't normally do them. Additionally to compare someone who doesn't have conditions where they would need to use other body parts to do tasks to those who do.,20,1,0,.
103,152,1,1,1,1,1,4,7,3,3,5,4,6,7,1,0,To demonstrate the difficulty/frustration that disabled people may experience while trying to do simple tasks with body parts that aren't used to being used in that way.,21,0,1,English/Spanish
105,153,1,1,1,1,1,4,8,6,6,7,4,7,2,1,0,How mood or outlook on life plays a role in motor function.,21,0,1,Psychology
109,155,1,1,1,1,1,4,3,2,5,8,2,2,6,1,0,Create some technology where a person uses their mouth to control it?,19,0,1,Undecided
111,156,1,1,1,1,1,4,7,4,5,3,6,6,8,1,0,To see if holding the pen in our unusual way affects how you think of things.,19,0,1,International Affairs
113,157,1,0,1,1,1,3,6,5,3,4,2,6,8,1,0,"The purpose of this experiment, I believe, was to see how people can complete tasks using parts of their body they are not used to. ie. your mouth instead of your hand. Also, to see how people adjust when given a task they are not used to, ie. how they hold thier paper or if they use their tongue to help them control the pen.",19,0,1,Biology/Neuroscience
119,160,1,1,1,1,1,4,6,7,4,7,7,9,7,1,0,"The purpose seemed to be to see if instead of using technology to help us adapt to our impairments, we can simply use our bodies.",21,0,1,Art/Psychology
121,161,1,1,1,1,1,4,4,3,3,6,5,5,7,1,0,Testing how people can write with their mouth if it is a viable way to write for people who cant use hands.  also maybe testing how people respond to the instructions.,19,0,1,Policy Studies
6,203,1,1,1,1,1,4,5,5,1,2,3,2,3,1,0,To determine how well people can use their mouth to write,20,0,1,Psychology
14,207,1,1,1,1,1,4,5,3,3,6,2,8,8,1,0,I think the purpose of this experiment was to see the accuracy and ability to correctly write with a pen in your mouth.,20,0,1,Psychology/Economics
16,208,1,1,1,1,1,4,7,4,3,5,6,6,7,1,0,The purpose was to see how difficult it is to do everyday tasks with parts of the body you wouldnt typically use.,20,0,1,Psychology/Policy Studies
18,209,1,1,1,1,1,4,6,7,4,6,1,3,2,1,0,Possibly to see how people who cannot use their hands to write could function using a different part of their body to do that task.,19,0,1,Psychology
20,210,1,1,1,1,1,4,8,5,6,8,5,6,6,1,0,"I think the purpose of this experiment was to test motor function, doing activities normall done with hands with a part rarley used for such function like the mouth. Study may help with research concerning handicapped people who are missing limbs (arms, legs etc.).",18,0,1,Neuroscience
22,211,1,1,1,1,1,4,6,3,3,6,2,4,9,1,0,To help preliminary research on tools and their use or disabled persons. ,19,0,1,English
24,212,1,1,1,1,1,4,8,3,3,7,1,4,6,1,0,The purpose of this experiment is to see how easy/hard it is to do daily functions with an impairment,19,0,1,Psychology
38,219,1,1,1,1,1,4,8,7,5,7,6,8,6,1,0,To see the comfortability and performance in comleting a task in an unusual way than wone is used to.,20,0,1,Psychology/English
40,220,1,1,1,1,1,4,3,1,6,8,4,5,7,1,0,"I think the purpose of this experiment is to help find cheap easy ways of helping people with physical disabilities do things that people that dont have those disabilities, but do them differently.",20,0,1,Neuroscience
42,221,1,1,1,0,0,2,9,2,6,2,1,1,6,1,0,To understand how succesfully normal people do the tasks in the way people have improvement do.,18,0,1,Psychology
44,222,1,1,1,1,1,4,8,5,2,5,2,9,8,1,0,"The purpose of this experiment is to test how one can adopt to new actions. I'm assuming its to see how one can teach themselves to adapt to a new circumstance, ie. not being able to write with one's hands.",18,0,1,Psychology/Economics
46,223,1,1,0,0,1,2,3,2,3,6,3,6,8,1,0,Test our psychomotor abilities when asked to do a task in a unusual fashion and process if it has any affect on our cognition.,21,0,1,Neuroscience
48,224,1,1,1,1,0,3,8,7,3,6,7,5,3,1,0,Measure the ability of people to utilize unordinarilly used body parts to carry our simple tasks.,19,0,1,Psychology
50,225,1,1,1,1,1,4,7,7,6,8,6,8,7,1,0,"To test how well participants do using unusual, untrained body parts for specific tasks that are commonly carried our by different muscle groups, parts of the body. My guess would be that this has something to do with comparing motor skills in participants to have learned to carry out this ""unusual"" technique.",,,,.
52,226,1,1,1,1,1,4,3,2,6,5,6,7,9,1,1,I think it was to see how funny we foudn the cartoons when our mouth was already in a turned up/smiling position.,19,0,1,Psychology
54,227,1,1,1,1,1,4,6,2,0,7,0,4,5,1,0,"Examine how physical impairment affects simple tasks like drawing, writing etc.",21,0,1,Psychology
64,232,1,1,1,1,1,4,9,5,1,5,6,8,3,1,0,"The purpose is to evaluate the difficulty of performing tasks using body parts that we do not usually use, see what kind of complications occur.",19,0,1,Neuroscience
66,233,1,1,1,1,1,4,7,7,2,5,4,2,3,1,0,To test how difficult it is to draw diffrent shapes when holding pen in your mouth instead of your hand.,20,0,1,Economics/Psychology
68,234,1,1,1,1,0,3,9,6,4,6,2,4,7,1,0,The purpose is to look at how difficult itis to perform tasks with atypical body parts. To see if using your mouth to write with is a good solution if someone cant use their hands.,19,0,1,Neuroscience
70,235,1,1,1,0,0,2,8,8,3,2,7,2,6,1,0,To test other body parts and their ability to perform tasks that they normally would not.,21,1,1,History
84,242,1,1,1,1,1,4,8,6,6,4,3,6,7,1,0,"I think it is to test how we can use different body parts for things we normally dont use, and maybe how we can perform them while our brain is focusing on something else (like a cartoon). ",18,0,1,English
86,243,1,1,1,1,1,4,9,6,2,4,1,1,8,1,0,Has something to do with coordination level. Not sure how cartoons relate to purpose.,19,0,1,Biology
88,244,1,1,1,1,1,4,6,3,4,4,5,3,4,1,0,To see how impaired peoples motor abilities compare to non impaired,20,0,1,Psychology
90,245,1,1,1,1,1,4,9,3,6,4,2,6,3,0,0,I think the purpose of the experiment is to see if we can perform a task using a mehod we are not used to and to see if it impairs our ability to fully comprehend what we are doing/looking at (ie. the cartoons). ,19,0,1,Psychology
92,246,1,1,1,1,0,3,8,6,1,2,1,2,7,1,0,No clue,21,1,1,Psychology
94,247,1,1,1,1,1,4,7,7,3,7,5,3,7,1,0,To test to see how individuals performed the tasks and also o see how enjoyable cartoons were while having an uncomfortable situation.,19,1,0,Economics
108,254,1,1,0,1,1,3,9,3,9,9,7,9,8,1,0,To see how people adapt to doing every day tasks with unusual body parts. I think the point of the cartoons was to test if people were less amused as the continued because they were more frustrated with using their mouth to write. ,18,0,1,Psychology/Theatre
110,255,1,1,0,1,1,3,6,0,3,8,1,6,8,1,0,To test focus while performing an unnatural task?,19,0,1,Biology
112,256,1,1,1,1,1,4,9,7,6,6,2,6,1,1,0,"At this point im not too sure, but it may have had to do with how funny I rated the cartoons with a pen in my mouth. Theres probably a control group out there somewhere who rated it without a pen in their mouth...",19,1,1,Film & Media Studies
114,257,1,1,1,1,1,4,7,5,2,7,1,2,8,1,0,The purpose was to investigate a cheap altrenative to writing for those that are not physically able to use their hands.,20,1,1,.
116,258,1,1,1,1,1,4,2,2,2,5,2,3,3,1,0,"To either see if we follow the directions when nobody is watching in person or to see if we are struggling, if that affects our attitude/behavior on wheter or not something is funny",19,0,1,Economics
118,259,1,1,1,1,1,4,8,5,2,6,4,7,7,1,0,"The purpose of this experiment is to determine if the mouth, specifically the teeth, can be used to perform a task that is usually completed with your fingers.  This experiment will help determine alternative ways to write for people who cannot use their hands.",19,1,1,Neuroscience 
132,266,1,1,0,1,0,2,6,5,0,4,0,6,4,1,0,I think the purpose of this experiment was to see how well the participants could use the pen to write with their mouths instead of their hands.,19,0,1,Economics
134,267,1,1,1,1,1,4,6,2,3,7,3,8,8,1,0,"The purpose of this experiment is to see what tasks can be carried out easily by using alternative body parts.  This way, possible solutions for those with disabilities can be found.",19,0,1,Neuroscience/Government & Law
136,268,1,1,1,1,1,4,7,7,7,3,1,5,8,1,0,To test to see how well regular people are able to write with their mouths.,19,0,1,Computer Science
